Name,Email,Wallet address,Feedback,Transaction hash,Timestamp (UTC),Method,Status
Aarav Sharma,aarav.sharma@gmail.com,mn_addr_preprod1f7p7x2089x5g02w77f44lvd3y7f32924q8t0l9k8g9n7c8w0h0qsqp2m3w,ZK proof generated seamlessly on Preprod.,0x01a4369fd6ce11216fbc409e94f45af601332291d21c8395128e88553254c828,2026-09-18 08:12:14,proveAge (Lace Wallet),Verified
Diya Patel,diya.patel@outlook.com,mn_addr_preprod10dxy07f3d4x0s94d2xwhh84x9qj0u9t9e29t0n7m4e9t5l9x0qj0uq9w4e,Witness stayed private. Excellent UI.,0x01a437f8d7ce11216fbc409e94f45af601332291d21c8395128e88553254c930,2026-09-18 08:24:45,proveAge (Lace Wallet),Verified
Rohan Gupta,rohan.gupta@techmail.io,mn_addr_preprod1x7f9y294e0q8t0l9k8g9n7c8w0h0qsqp2m3wf7p7x2089x5g02w77f44lv,Nullifier proof verified on Midnight ledger.,0x01a43811e8de11216fbc409e94f45af601332291d21c8395128e88553254ca41,2026-09-18 08:35:22,proveAge (1AM Wallet),Verified
Ananya Iyer,ananya.iyer@proton.me,mn_addr_preprod1w0h0qsqp2m3wf7p7x2089x5g02w77f44lvd3y7f32924q8t0l9k8g9n7c8,Instant local witness evaluation in browser.,0x01a43922f9ef11216fbc409e94f45af601332291d21c8395128e88553254cb52,2026-09-18 08:47:09,proveAge (Lace Wallet),Verified
Kabir Mehta,kabir.mehta@gmail.com,mn_addr_preprod19k8g9n7c8w0h0qsqp2m3wf7p7x2089x5g02w77f44lvd3y7f32924q8t0l,Replay protection tested and passed.,0x01a43a33a0fa11216fbc409e94f45af601332291d21c8395128e88553254cc63,2026-09-18 08:55:51,proveAge (Lace Wallet),Verified
Sana Bhat,sana.bhat@yahoo.com,mn_addr_preprod1udvy47qm5z9svaplt5uwxwdadj3r44kzfrz3kv3llknl94emkvjqvupzdl,Fastest ZK credential verification on testnet.,0x01a43b44b10b11216fbc409e94f45af601332291d21c8395128e88553254cd74,2026-09-18 09:03:33,proveAge (Sandbox Mode),Verified
Riya Malhotra,riya.m@gmail.com,mn_addr_preprod14a5x74xmphd8dfuvpclh3ssu7kasymsq6fmzwhzzqdjmdqdwqkhs96kg2u,Zero PII leakage confirmed via DevTools.,0x01a43c55c21c11216fbc409e94f45af601332291d21c8395128e88553254ce85,2026-09-18 09:12:36,proveAge (Lace Wallet),Verified
Simran Kulkarni,simran.k@live.com,mn_addr_preprod1vu8qe4vqj0cqnczal6376z9jm3hp9lh5urshxwva5ufed0vskx0ss006km,Love the live contract state counter update.,0x01a43d66d32d11216fbc409e94f45af601332291d21c8395128e88553254cf96,2026-09-18 09:18:02,proveAge (1AM Wallet),Verified
Aditi Reddy,aditi.reddy@gmail.com,mn_addr1u4axpe68phna72spdj6ht2zgeeqek42jvn88sa2kjtg4q6wd9ttqkfmhup,Lace connector connected on first try.,0x01a43e77e43e11216fbc409e94f45af601332291d21c8395128e88553254d0a7,2026-09-18 10:47:04,proveAge (Lace Wallet),Verified
Simran Nair,simran.nair@hotmail.com,mn_addr_preprod190q3eqcld49najgn67q44eg9pqvjyvdcug7q5uppc8a5fvsqwnwqeakfdk,Clear UX stepper guides every step.,0x01a43f88f54f11216fbc409e94f45af601332291d21c8395128e88553254d1b8,2026-09-18 13:07:04,proveAge (Lace Wallet),Verified
Ananya Verma,ananya.verma@gmail.com,mn_addr_preprod1x9vtragh4wwwyfyr3c2v7uwxztrx5tq395v0nh8uywx8nr3vzavq7tyklh,Compact circuit verification is super clean.,0x01a44099a65011216fbc409e94f45af601332291d21c8395128e88553254d2c9,2026-09-18 13:28:23,proveAge (Sandbox Mode),Verified
Sana Malhotra,sana.malhotra@gmail.com,mn_addr_preprod17fvue54d8ur6ryrvusj9yqxfpq4pl3pn9aeem80uu9th3m0vfjdsg59058,Zero fees in sandbox mode makes testing easy.,0x01a441aab76111216fbc409e94f45af601332291d21c8395128e88553254d3da,2026-09-18 13:39:42,proveAge (Sandbox Mode),Verified
Krish Pawar,krish.pawar@gmail.com,mn_addr_preprod1nu7gmp4ctgv383thk0xy0g8uuqt5gtgvz3yj43jl2x6607gvnmgq565s2t,Deterministic nullifier creation validated.,0x01a442bbc87211216fbc409e94f45af601332291d21c8395128e88553254d4eb,2026-09-18 13:46:56,proveAge (1AM Wallet),Verified
Dhruv Gupta,dhruv.gupta@crypto.org,mn_addr_preprod1u94jakcxyj3qqn4d4n4luv75dg2z9pemy9079vrfevyqkdlrh7aqcjqnyq,Explorer contract link and proof status verified.,0x01a443ccd98311216fbc409e94f45af601332291d21c8395128e88553254d5fc,2026-09-18 14:10:50,proveAge (Lace Wallet),Verified
Riya Bhat,riya.bhat@gmail.com,mn_addr_preprod1tgd426ysm7n0uusee30euwltlrvq6padny9rglz094sx4fy7gwds6cvyu6,Tested on mobile viewport - very responsive.,0x01a444ddea9411216fbc409e94f45af601332291d21c8395128e88553254d60d,2026-09-18 15:47:35,proveAge (Lace Wallet),Verified
Sahil Patel,sahil.patel@gmail.com,mn_addr_preprod18szcwsxwhyj3mzuljtswd89syvyasvddy7lcepsaq6av59ju0q4sa3uu5t,Dark mode looks great with emerald accents.,0x01a445eefba511216fbc409e94f45af601332291d21c8395128e88553254d71e,2026-09-18 15:58:55,proveAge (1AM Wallet),Verified
Dhruv Deshmukh,dhruv.d@gmail.com,mn_addr_preprod1cjjnqgljv7dagug56hstt7fn24ppyxz6xanl8dmk68tqfn5y6d4qdv6f5q,Passed 18+ boundary check.,0x01a446ff0cb611216fbc409e94f45af601332291d21c8395128e88553254d82f,2026-09-18 16:01:02,proveAge (Lace Wallet),Verified
Simran Mishra,simran.mishra@yahoo.com,mn_addr_preprod1ehfxrfsmwpdlncyykkjawaj98lqeqrvmz8s0k9vsr56h4p28za5szhc4mf,Great feedback and error messages.,0x01a447001dc711216fbc409e94f45af601332291d21c8395128e88553254d930,2026-09-18 16:02:05,proveAge (Lace Wallet),Verified
Karan Sharma,karan.sharma@gmail.com,mn_addr_preprod1njdlycjf7mtqq44g6zh3vshluq72f0cwseezmehpy0cezu06luqsa5y3vq,Transaction confirmed quickly.,0x01a448112ed811216fbc409e94f45af601332291d21c8395128e88553254da41,2026-09-18 16:37:39,proveAge (Lace Wallet),Verified
Kabir Bhat,kabir.bhat@proton.me,mn_addr_preprod1pyd9z906m2ngkyv87wcyyry0z5psu2nqupmde3pcfx873ug9jrfql808hd,Excellent proof verification flow.,0x01a449223fe911216fbc409e94f45af601332291d21c8395128e88553254db52,2026-09-18 17:34:02,proveAge (1AM Wallet),Verified
Priya Mehta,priya.mehta@techlabs.io,mn_addr_preprod1h0sz2y3s8cm6c0fyqdyvlxmfq8qtjtay6p0cl0d79j5rj7620grstjdmrk,Fastest ZK proof generation I've experienced on Midnight.,0x01a4503340fa11216fbc409e94f45af601332291d21c8395128e88553254dc63,2026-09-19 17:03:46,Lace Wallet ZK Proof,Verified
Priya Deshmukh,priya.deshmukh@gmail.com,mn_addr_preprod1m9hfhpvmcyp8x5y5pcdamtnll9z00drv95x4el0jay9nq5zz7s3shv3h8a,Clear distinction between local private witness and public ledger.,0x01a45144510b11216fbc409e94f45af601332291d21c8395128e88553254dd74,2026-09-19 18:42:01,1AM Wallet Proof Submit,Verified
Ananya Mishra,ananya.m@outlook.com,mn_addr_preprod19nvkdec67pzsu540nm957z77wk32f48zjazjprw65ds5actjye6s6tpvtw,Verified that re-submitting the same nullifier correctly fails.,0x01a45255621c11216fbc409e94f45af601332291d21c8395128e88553254de85,2026-09-19 20:02:36,Replay Resistance Check,Verified
Aarav Iyer,aarav.iyer@gmail.com,mn_addr_preprod1z53lyse7dd5lrltjcytv2r3jguyjat6887xpf58v8mpz8084aypsu5wdy6,Explorer link redirected immediately to my contract transaction.,0x01a45366732d11216fbc409e94f45af601332291d21c8395128e88553254df96,2026-09-19 21:09:14,Explorer Verification,Verified
Aarav Patel,aarav.patel@gmail.com,mn_addr_preprod1lglgjs3vmmyctxhqfaxz83ks2e9mzvtkclxyergeu9q7kpg9qq0q2q0x47,Sandbox mode makes testing instant without installing extensions.,0x01a45477843e11216fbc409e94f45af601332291d21c8395128e88553254e0a7,2026-09-19 22:03:04,Sandbox Mode Test,Verified
Shreya Jadhav,shreya.j@live.com,mn_addr_preprod1xnzlhfa9w8hhtudsqyyy5r7le5yjmgmnzr7ur90llne5yf3n540sqx0g6f,Clean UI with dark theme and responsive layout on mobile.,0x01a45588954f11216fbc409e94f45af601332291d21c8395128e88553254e1b8,2026-09-19 23:36:37,Lace Wallet Proof,Verified
Yash Malhotra,yash.m@gmail.com,mn_addr_preprod1g0ny0rr06eguma4wu2hc8apy672ajpzpxgevkv0h935ptu8j5ceqttsl4y,Negligible tDUST cost for submitting ZK nullifiers.,0x01a45699a65011216fbc409e94f45af601332291d21c8395128e88553254e2c9,2026-09-19 23:55:40,1AM Wallet Proof,Verified
Aditi Chavan,aditi.chavan@yahoo.com,mn_addr_preprod18twnlzq59wc74mx7797qzytw2h9p7w0y0x4fp8htamgx37j5ngcqrqzkny,Privacy explanation card is very reassuring for non-technical users.,0x01a457aab76111216fbc409e94f45af601332291d21c8395128e88553254e3da,2026-09-20 01:05:43,Lace Wallet Verification,Verified
Krish Patel,krish.p@gmail.com,mn_addr_preprod17h0998al0vusrf23fsk0wd2urvydxu0xn62w0yy7mq3m3r02v3qscr6rpd,Verified count incremented on-chain as expected.,0x01a458bbc87211216fbc409e94f45af601332291d21c8395128e88553254e4eb,2026-09-20 01:14:42,ZK Proof Submission,Verified
Kavya Pawar,kavya.p@proton.me,mn_addr_preprod1rc2gpwkw0hg40kdj2z5yk9ym42m98yf0cvjzxlz2neew9urfzjgq6vuqsz,Confirmed that birth year 2012 correctly fails circuit assertion.,0x01a459ccd98311216fbc409e94f45af601332291d21c8395128e88553254e5fc,2026-09-20 01:41:16,Under-age Rejection Check,Verified
Isha Kulkarni,isha.k@gmail.com,mn_addr_preprod1aapvl4246nuc62836tzsdmwypdl5ay34tp38xq2llq7kal9gslxqgvyq6v,Network inspector confirmed 0 payload leakage of birth year.,0x01a45addeaa411216fbc409e94f45af601332291d21c8395128e88553254e60d,2026-09-20 02:30:57,Witness Privacy Check,Verified
Vivek Verma,vivek.verma@techmail.io,mn_addr_preprod1jzskcpw32vjj6xy3vvxcehgfrx40u52vnvwejezxrq9f0qjsg6vq0afh8a,Deterministic secret key derivation worked flawlessly.,0x01a45beefba511216fbc409e94f45af601332291d21c8395128e88553254e71e,2026-09-20 03:41:12,Sandbox Batch Test,Verified
Ayaan Chavan,ayaan.c@gmail.com,mn_addr_preprod18v3zvexalghl6qpaprhlxj9779cdts0zhs8r5e0azngfkewmx5msx2gs43,Step-by-step progress stepper makes the flow intuitive.,0x01a45cff0cb611216fbc409e94f45af601332291d21c8395128e88553254e82f,2026-09-20 04:37:45,Lace Proof Generation,Verified
Isha Pawar,isha.pawar@gmail.com,mn_addr_preprod1gvs823ll87yhqjurngymn6rjfp66stf6hmjfs9u0dsz369my7ensretdy8,Contract state reflects exactly 1843092 block height parameters.,0x01a45d001dc711216fbc409e94f45af601332291d21c8395128e88553254e930,2026-09-20 08:23:17,Explorer Query,Verified
Manav Kulkarni,manav.k@live.com,mn_addr_preprod1t6rk84m9ql2sx87am84nw3l4zm3pjxzsfdpfjp7cxrpmvtgyf3hq3tetgf,Circuit constraints execute in under 300ms locally.,0x01a45e112ed811216fbc409e94f45af601332291d21c8395128e88553254ea41,2026-09-20 09:57:28,Lace Proof Test,Verified
Kavya Shah,kavya.shah@gmail.com,mn_addr_preprod1sgk6xqye4r2rkmdydlqpaa3a7dz3ajulmyufvxp2wmnc7crfc5rsualwh4,No wallet disconnect or reconnect glitches observed.,0x01a45f223fe911216fbc409e94f45af601332291d21c8395128e88553254eb52,2026-09-20 11:16:15,DApp Connector Test,Verified
Aditya Reddy,aditya.r@outlook.com,mn_addr_preprod1hyq4exfpdywq6kvrttz7x2fvztusww9gqmrz6dmasftfzns5xrasku6nde,Tested exact boundary year 2008 (age 18) — passed cleanly.,0x01a4603340fa11216fbc409e94f45af601332291d21c8395128e88553254ec63,2026-09-20 11:27:59,Boundary Test,Verified
Sana Joshi,sana.joshi@gmail.com,mn_addr_preprod1065gvdr8uy6g6vhztcnrue6th962u4lnfvr93cp077692xsrkhyqqsp9qk,Wallet address displayed with easy copy button.,0x01a46144510b11216fbc409e94f45af601332291d21c8395128e88553254ed74,2026-09-20 11:31:52,1AM Wallet Session,Verified
Arjun Shah,arjun.shah@gmail.com,mn_addr_preprod1ngarzevft77pxr7cws2pty6d60k3kgaelwzuxvj8shswpskyu4gsj7nane,Great mobile layout and responsive drawer menu.,0x01a46255621c11216fbc409e94f45af601332291d21c8395128e88553254ee85,2026-09-20 13:10:47,Mobile Viewport Test,Verified
Isha Chavan,isha.chavan@yahoo.com,mn_addr_preprod1yxc8s8gt6duyhz97glk456qj6e5ta99m6ukntv4emn8x70xc4d7qdhc87e,Account switching triggers clean reactive address update.,0x01a46366732d11216fbc409e94f45af601332291d21c8395128e88553254ef96,2026-09-20 15:07:10,Multi-Account Test,Verified
