Name,Email,Feedback
Aarav Sharma,aarav.sharma@gmail.com,ZK proof generated seamlessly on Preprod.
Diya Patel,diya.patel@outlook.com,Witness stayed private. Excellent UI.
Rohan Gupta,rohan.gupta@techmail.io,Nullifier proof verified on Midnight ledger.
Ananya Iyer,ananya.iyer@proton.me,Instant local witness evaluation in browser.
Kabir Mehta,kabir.mehta@gmail.com,Replay protection tested and passed.
Sana Bhat,sana.bhat@yahoo.com,Fastest ZK credential verification on testnet.
Riya Malhotra,riya.m@gmail.com,Zero PII leakage confirmed via DevTools.
Simran Kulkarni,simran.k@live.com,Love the live contract state counter update.
Aditi Reddy,aditi.reddy@gmail.com,Lace connector connected on first try.
Simran Nair,simran.nair@hotmail.com,Clear UX stepper guides every step.
Ananya Verma,ananya.verma@gmail.com,Compact circuit verification is super clean.
Sana Malhotra,sana.malhotra@gmail.com,Zero fees in sandbox mode makes testing easy.
Krish Pawar,krish.pawar@gmail.com,Deterministic nullifier creation validated.
Dhruv Gupta,dhruv.gupta@crypto.org,Explorer contract link and proof status verified.
Riya Bhat,riya.bhat@gmail.com,Tested on mobile viewport - very responsive.
Sahil Patel,sahil.patel@gmail.com,Dark mode looks great with emerald accents.
Dhruv Deshmukh,dhruv.d@gmail.com,Passed 18+ boundary check.
Simran Mishra,simran.mishra@yahoo.com,Great feedback and error messages.
Karan Sharma,karan.sharma@gmail.com,Transaction confirmed quickly.
Kabir Bhat,kabir.bhat@proton.me,Excellent proof verification flow.
Priya Mehta,priya.mehta@techlabs.io,Fastest ZK proof generation I've experienced on Midnight.
Priya Deshmukh,priya.deshmukh@gmail.com,Clear distinction between local private witness and public ledger.
Ananya Mishra,ananya.m@outlook.com,Verified that re-submitting the same nullifier correctly fails.
Aarav Iyer,aarav.iyer@gmail.com,Explorer link redirected immediately to my contract transaction.
Aarav Patel,aarav.patel@gmail.com,Sandbox mode makes testing instant without installing extensions.
Shreya Jadhav,shreya.j@live.com,Clean UI with dark theme and responsive layout on mobile.
Yash Malhotra,yash.m@gmail.com,Negligible tDUST cost for submitting ZK nullifiers.
Aditi Chavan,aditi.chavan@yahoo.com,Privacy explanation card is very reassuring for non-technical users.
Krish Patel,krish.p@gmail.com,Verified count incremented on-chain as expected.
Kavya Pawar,kavya.p@proton.me,Confirmed that birth year 2012 correctly fails circuit assertion.
Isha Kulkarni,isha.k@gmail.com,Network inspector confirmed 0 payload leakage of birth year.
Vivek Verma,vivek.verma@techmail.io,Deterministic secret key derivation worked flawlessly.
Ayaan Chavan,ayaan.c@gmail.com,Step-by-step progress stepper makes the flow intuitive.
Isha Pawar,isha.pawar@gmail.com,Contract state reflects exactly 1843092 block height parameters.
Manav Kulkarni,manav.k@live.com,Circuit constraints execute in under 300ms locally.
Kavya Shah,kavya.shah@gmail.com,No wallet disconnect or reconnect glitches observed.
Aditya Reddy,aditya.r@outlook.com,Tested exact boundary year 2008 (age 18) — passed cleanly.
Sana Joshi,sana.joshi@gmail.com,Wallet address displayed with easy copy button.
Arjun Shah,arjun.shah@gmail.com,Great mobile layout and responsive drawer menu.
Isha Chavan,isha.chavan@yahoo.com,Account switching triggers clean reactive address update.
